ID,Year,State,Bill,Legislature,Sponsor,Sponsor_party,Summary,Status,Law,Assessment,Theme,Thematic_analysis,Governor,Governor_party,Governor_gender,Population_2017,Legislative_majority
1,2011,IA,SF370,S,Kent Sorenson,R,Exemptions - with submission of affadavit,Not passed,No,Anti,Allows exemption for any reason,Adding exemptions or removing requirements,Terry Branstad,R,M,3145711,S
2,2011,KS,HB2094,H,"Committee on Health and Human Services (R: 10, D:3. R Chair and Vice Chair)",R,Exemptions - conscience or personal belief exemptions for child care facilities,Not passed,No,Anti,Adds personal belief exemption,Adding exemptions or removing requirements,Sam Brownback,R,M,2913123,R
3,2011,MT,HB227,H,Bob Wagner,R,Exemptions - religious exemptions,Not passed,No,Anti,"Expands religious exemption to daycare, eliminates affidavit requirement",Adding exemptions or removing requirements,Brian Schweitzer,D,M,1050493,R
4,2011,NH,HB416,H,Daniel Itse,R,Exemptions - conscientious belief exemptions,Not passed,No,Anti,Adds conscientious objection exemption,Adding exemptions or removing requirements,John Lynch,D,M,1342795,R
5,2011,NJ,AB243,H,Peter Biondi,R,Exemptions - conscientious belief exemptions,Not passed,No,Anti,Adds conscientious belief exemption,Adding exemptions or removing requirements,Chris Christie,R,M,9005644,D
6,2011,NJ,AB3836,H,Herbert Conaway,D,Exemptions - exemptions from mandatory immunizations for students,Not passed,No,Pro,Clarifies requirements to obtain exemption,"Data collection, reporting, or clarification",Chris Christie,R,M,9005644,D
7,2011,NJ,SB2625,S,Joseph Vitale,D,Exemptions - exemptions from mandatory immunizations for students,Not passed,No,Pro,Clarifies requirements to obtain exemption,"Data collection, reporting, or clarification",Chris Christie,R,M,9005644,D
8,2011,NY,AB592,H,Richard Gottfried,D,Exemptions - religious exemptions,Not passed,No,Anti,If affidavit provided for religious exemption no further evidence can be required,Adding exemptions or removing requirements,Andrew Cuomo,D,M,19849399,S
9,2011,NY,AB593,H,Richard Gottfried,D,Exemptions - medical exemptions,Not passed,No,Anti,Physician certification for medical exemption is paramount,Shifting governing authority for exemptions,Andrew Cuomo,D,M,19849399,S
10,2011,NY,SB1331,S,Martin Dilan,D,Exemptions - philosophical exemptions,Not passed,No,Anti,Adds a personal belief exemption,Adding exemptions or removing requirements,Andrew Cuomo,D,M,19849399,S
11,2011,WA,HB1015,H,Jim Moeller,D,Exemptions - signed by health care practitioner,Not Passed,No,Anti,"Any health care practitioner can sign off on exemption, not just physician",Shifting governing authority for exemptions,Christine Gregoire,D,F,7405743,D
12,2011,WA,SB5005,S,Maralyn Chase,D,Exemptions - signed by health care practitioner,Passed,Yes,Anti,"Any health care practitioner can sign off on exemption, not just physician",Shifting governing authority for exemptions,Christine Gregoire,D,F,7405743,D
13,2011,WV,HB2998,H,Daryl Cowles,R,Exemptions - medical & nonmedical (conscientious or religious belief),Not passed,No,Anti,Add non medical exemptions,Adding exemptions or removing requirements,Earl Ray Tomblin,D,M,1815857,D
14,2011,WV,SB522,S,Richard Browning,D,"Exemptions - written statement for religious, philosophical or conscientious beliefs",Not passed,No,Anti,Add non medical exemptions,Adding exemptions or removing requirements,Earl Ray Tomblin,D,M,1815857,D
15,2012,AZ,HB2846,H,Cecil Ash,R,Allows for exemption with written certification 1) from health professional that required vaccination is not advisable; or signed by parent or guardian stating 2) that signatoryÃ•s religious beliefs are contrary or 3) that signatory has a personal objection. ,not passed,No,Pro,Requires education and additional documentation before religious/philosophical exemption,Removing exemptions or adding requirements,Jan Brewer,R,F,7016270,R
16,2012,CA,AB2109,H,Richard Pan,D,Adds to the requirement for exemptions for personal beliefs that the parent or guardian provide 1) a written statement signed by a health care practitioner that he/she provided information regarding the benefits and risks of the immunization and the health risks of the communicable diseases and 2) a written statement signed by the parent or guardian that he/she has received the information provided by the health care practitioner. ,Passed,Yes,Pro,Requires education and additional documentation before religious/philosophical exemption,Removing exemptions or adding requirements,Jerry Brown,D,M,39536653,D
17,2012,MA,H1055,H,John Keenan,D,Adds language that an unvaccinated child shall be admitted to school upon written request of a parent.,not passed,No,Anti,Child can be admitted to school upon request of parent,Adding exemptions or removing requirements,Deval Patrick,D,M,6859819,D
18,2012,MN,HF1897,H,Mary Franson,R,Eliminates requirement that exemption be notarized (must be signed and dated).,not passed,No,Anti,Removes notarization requirement,Adding exemptions or removing requirements,Mark Dayton,D,M,5576606,R
19,2012,MS,HB101,H,Stephen Horne,R,Provides that a local health officer may grant a certificate of exemption from immunization if the parent or guardian firmly holds a bona fide belief that a vaccine or immunization is inappropriate for the child. Provides criteria to use in determining whether the parent or guardian of a child firmly holds a bona fide belief. ,not passed,No,Anti,Adds personal belief exemption,Adding exemptions or removing requirements,Phil Bryant,R,M,2984100,R
20,2012,MS,SB2007,S,Joey Fillingane,R,Refines language for medical exemptions and exclusion from school.,not passed,No,Anti,"Adds physician to exempt for medical reasons, rather than health officials",Adding exemptions or removing requirements,Phil Bryant,R,M,2984100,R
21,2012,NJ,AB1368,H,David Rible,R,Provides for conscientious exemption to mandatory immunizations.,not passed,No,Anti,Adds personal belief exemption ,Adding exemptions or removing requirements,Chris Christie,R,M,9005644,D
22,2012,NJ,AB176,H,Ralph Caputo,D,Permits exemption from mandatory immunization for students in writing for any reason.,not passed,No,Anti,Allows for exemption for any reason ,Adding exemptions or removing requirements,Chris Christie,R,M,9005644,D
23,2012,NJ,AB1829,H,Herbert Conaway,D,Clarifies statutory exemptions from mandatory immunizations for students.,not passed,No,Pro,Clarifies that there are only medical and religious exemptions,"Data collection, reporting, or clarification",Chris Christie,R,M,9005644,D
24,2012,NJ,AB509,H,John DiMaio,R,Provides for philosophical exemption to mandatory immunizations.,not passed,No,Anti,Adds personal belief exemption,Adding exemptions or removing requirements,Chris Christie,R,M,9005644,D
25,2012,NJ,AB920,H,Holly Schepisi,R,Exempts child under age six from hepatitis B vaccine requirement if child's mother tested negative for hepatitis B during her pregnancy.,not passed,No,Anti,"Removes Hep B requirement under age 6 if mother negative during pregnancy. After age 6 physician exemption Cites ASD in bill. Was also introduced in 2015, 2016. ",Adding exemptions or removing requirements,Chris Christie,R,M,9005644,D
26,2012,NJ,ACR120,H,Herbert Conaway,D,Department of Health and Senior Services regulations not consistent with legislative intent,Not passed,No,Pro,Concurring resolution that the Department of Health regs allow more religious exemptions than statute intended,Other,Chris Christie,R,M,9005644,D
27,2012,NJ,S1759,S,Loretta Weinberg,D,Clarifies statutory exemptions (medical and religious),Not passed,No,Pro,Requires documentation to get religious exemption,Removing exemptions or adding requirements,Chris Christie,R,M,9005644,D
28,2012,NJ,SB106,S,Gerald Cardinale,R,Provides for conscientious exemption to mandatory immunizations.,not passed,No,Anti,Adds conscientious belief exemption,Adding exemptions or removing requirements,Chris Christie,R,M,9005644,D
29,2012,NY,S1331,S,Martin Dilan,D,Adds exemption based on personal objections of a philosophicnature.,not passed,No,Anti,Adds personal belief exemption,Adding exemptions or removing requirements,Andrew Cuomo,D,M,19849399,S
30,2012,SD,HB1175,H,Ryan Maher,R,Provides for exemptions with a written statement stating the parent/guardian prefers to practice holistic health care or refuses to abrogate his or her autonomous parental rights.,not passed ,No,Anti,Adds exemption for holistic health care or because parents do not want to abrogate rights ,Adding exemptions or removing requirements,Dennis Daugaard,R,M,869666,R
31,2012,SD,HB1259,H,Ryan Maher,R,INCORRECT SUMMARY (adds personal belief exemption) Provides for exemptions with a written statement stating the parent/guardian prefers to practice holistic health care or holds personal beliefs that are opposed to such immunizations.,not passed,No,Anti,Adds personal belief exemption,Adding exemptions or removing requirements,Dennis Daugaard,R,M,869666,R
32,2012,VT,H527,H,Kenneth Atkins,D,Removes the exemption from immunization due to philosophical convictions.,not passed,No,Pro,Eliminates philosophical exemption,Removing exemptions or adding requirements,Peter Shumlin,D,M,623657,D
33,2012,VT,SB199,S,Kevin Mullin,R,"As passed, requires schools and child care centers to make publicly available aggregated immunization rates; requires the health department to annually collect from schools the immunization rates for at least first and eighth grade students for each required vaccine; alters the provisional admittance and exemption requirements; extends the immunization pilot program (to ensure universal access to vaccines for all Vermonters at no charge).",passed,Yes,Pro,Requires education and additional documentation before religious/philosophical exemption also increased data collection,Removing exemptions or adding requirements,Peter Shumlin,D,M,623657,D
34,2012,WV,HB3189,H,Daryl Cowles,R,Amends current code; clarifies that the Legislature has sole authority in regards to matters concerning compulsory immunizations.,not passed,No,Anti,Authority over immunizations with the legislature,Shifting governing authority for exemptions,Earl Ray Tomblin,D,M,1815857,D
35,2012,WV,HB4411,H,Daryl Cowles,R,"Adds exemptions for religious, conscientious or philosophical beliefs with a signed, notarized form. ",not passed,No,Anti,"Adds religious, conscientious and philosophical exemptions",Adding exemptions or removing requirements,Earl Ray Tomblin,D,M,1815857,D
36,2012,WV,SB50,S,Donna Boley,R,"Adds exemptions for religious, conscientious or philosophical beliefs with a signed, notarized form. ",not passed,No,Anti,"Adds religious, conscientious and philosophical exemptions",Adding exemptions or removing requirements,Earl Ray Tomblin,D,M,1815857,D
37,2013,AZ,HB2505,H,Debbie McCune Davis,D,Posting exemption rates online,Not passed,No,Pro,Exemption rates publically available on website for school,"Data collection, reporting, or clarification",Jan Brewer,R,F,7016270,R
38,2013,KS,SB67,S,"Committee on Public Health and Welfare (R:7, D:2, Chair and Vice Chair R)",R,Personal belief exemption,Not passed,No,Anti,Adds personal belief exemption,Adding exemptions or removing requirements,Sam Brownback,R,M,2913123,R
39,2013,ME,LD672,S,Anne Graham,D,School health provider to give parents info on risks and benefits,Not passed,No,Pro,Education by school health provider on benefits and risks of imunnization before exemption,Removing exemptions or adding requirements,Paul LePage,R,M,1332907,D
40,2013,NY,AB2689,H,Richard Gottfried,D,Modifies religious exemption,Not passed,No,Anti,Does not allow inquiries into how seriously religious beliefs are held for exemption,Adding exemptions or removing requirements,Andrew Cuomo,D,M,19849399,D
41,2013,NY,AB6359,H,Thomas Abinanti ,D,Philosophical exemption,Not passed,No,Anti,Adds personal belief exemption,Adding exemptions or removing requirements,Andrew Cuomo,D,M,19849399,D
42,2013,NY,SB3934,S,Martin Dilan,D,Philosophical exemption,Not passed,No,Anti,Adds personal belief,Adding exemptions or removing requirements,Andrew Cuomo,D,M,19849399,D
43,2013,OR,SB132,S,"Health Care, Human Services And Rural Health Policy Committee",,Changes documentation to be submitted to schools,Passed,Yes,Pro,Requires education and additional documentation before religious/philosophical exemption,Removing exemptions or adding requirements,John Kitzhaber,D,M,4142776,D
44,2013,SD,SB98,S,Jeff Monroe,R,Modifies religious exemption,Not passed,No,Anti,Loosens definition of religious exemption,Adding exemptions or removing requirements,Dennis Daugaard,R,M,869666,R
45,2013,VT,HB114,H,George Till,D,"Pertussis, removes exemptions",Not passed,No,Pro,Removes non-medical exemptions for pertussis,Removing exemptions or adding requirements,Peter Shumlin,D,M,623657,D
46,2013,VT,HB138,H,George Till,D,Suspend exemptions if vaccination rates fall below 90%,Not passed,No,Pro,Suspend exemptions if vaccination rate falls below 90%,Parental notifications of vaccination status,Peter Shumlin,D,M,623657,D
47,2013,VT,SB102,S,Kevin Mullin,R,Suspend exemptions if vaccination rates fall below 90%,Not passed,No,Pro,Suspend exemptions if vaccination rate falls below 90%,Parental notifications of vaccination status,Peter Shumlin,D,M,623657,D
48,2013,VT,SB103,S,Kevin Mullin,R,"Pertussis, removes exemptions",Not passed,No,Pro,Removes non-medical exemptions for pertussis,Removing exemptions or adding requirements,Peter Shumlin,D,M,623657,D
49,2013,WV,HB2306,H,Daryl Cowles,R,Legislature has sole authority concerning compulsory immunizations,Not passed,No,Anti,Limits authority on immunizations to legislature,Shifting governing authority for exemptions,Earl Ray Tomblin,D,M,1815857,D
50,2013,WV,HB3113,H,Don Perdue,D,"Medical exemptions, establish process",Not passed,No,Anti,Appeal process if medical exemption not granted,Other,Earl Ray Tomblin,D,M,1815857,D
51,2014,CO,HB1288,H,Daniel Pabon,D,Student Immunizations Prior To School Attendance,Passed,Yes,Pro,Data collection and publication of exemption rates,"Data collection, reporting, or clarification",John Hickenlooper,D,M,5607154,D
52,2014,MN,HF2170,H,Mike Freiberg,D,Immunization exemption procedures modified.,Not passed,No,Pro,Adds requirements to obtain exemptions,Removing exemptions or adding requirements,Mark Dayton,D,M,5576606,D
53,2014,MN,SF2544,S,Chris Eaton,D,Immunization exemption procedures modification,Not passed,No,Pro,Adds requirements to obtain exemptions,Removing exemptions or adding requirements,Mark Dayton,D,M,5576606,D
54,2014,MS,HB1420,H,Angela Cockerham,D,Vaccinations; allow exemption from requirement for school attendance with parental affidavit as being contrary to their beliefs.,Not passed,No,Anti,Adds personal belief exemption,Adding exemptions or removing requirements,Phil Bryant,R,M,2984100,R
55,2014,MS,SB2789,S,Chris McDaniel,R,Vaccinations; allow exemption from requirement for school attendance with parental affidavit as being contrary to their beliefs.,Not passed,No,Anti,Adds personal belief exemption,Adding exemptions or removing requirements,Phil Bryant,R,M,2984100,R
56,2014,NJ,A1534,H,David Rible,R,Provides for conscientious exemption to mandatory immunizations.,Not passed,No,Anti,Adds personal belief exemption,Adding exemptions or removing requirements,Chris Christie,R,M,9005644,D
57,2014,NJ,A351,H,Ralph Caputo,D,Permits exemption from mandatory immunization for students in writing for any reason.,Not passed,No,Anti,Allows exemption for any reason cites ASD in synopsis ,Adding exemptions or removing requirements,Chris Christie,R,M,9005644,D
58,2014,NJ,A536,H,John DiMaio,R,Provides for philosophical exemption to mandatory immunizations.,Not passed,No,Anti,Adds philosophical exemption,Adding exemptions or removing requirements,Chris Christie,R,M,9005644,D
59,2014,NJ,A568,H,John DiMaio,R,Provides for medical exemption from influenza vaccination based on allergy to any vaccine ingredient.,Not passed,No,Anti,Provides for medical exemption for flu vaccine (probably redundant/unnecessary),Adding exemptions or removing requirements,Chris Christie,R,M,9005644,D
60,2014,NJ,S1640,S,Shirley Turner,D,Provides for philosophical exemption to mandatory immunizations.,Not passed,No,Anti,Adds philosophical exemption,Adding exemptions or removing requirements,Chris Christie,R,M,9005644,D
61,2014,NJ,S1914,S,Gerald Cardinale ,R,Provides for conscientious exemption to mandatory immunizations.,Not passed,No,Anti,Adds conscientious belief exemption,Adding exemptions or removing requirements,Chris Christie,R,M,9005644,D
62,2014,NY,AB2690,H,Richard Gottfried,D,"To amend the public health law, in relation to the medical exemption from mandatory immunizations for students",Not passed,No,Anti,Gives added deference to physician certification of medical exemption,Adding exemptions or removing requirements,Andrew Cuomo,D,M,19849399,D
63,2014,NY,SB6443,S,Gustavo Rivera,D,"To amend the public health law, in relation to the medical exemption from mandatory immunizations for students",Not passed,No,Anti,Gives added deference to physician certification of medical exemption,Adding exemptions or removing requirements,Andrew Cuomo,D,M,19849399,D
64,2014,WV,HB2831,H,Ryan Ferns,R,Relating to mandatory immunizations for school children,Not passed,No,Anti,"Codifies medical exemption, establishes Childhood Immunization Advisoy Committee and allows the NVIC to appoint memebers. ",Adding exemptions or removing requirements,Earl Ray Tomblin,D,M,1815857,D
65,2015,CA,SB277,S,Richard Pan,D,Eliminates personal belief exemption from mandatory vaccination for school-aged children and allows exemption for pupils in home-based private schools or independent study programs who do not attend classroom-based instruction. ,Passed ,Yes,Pro,Removes personal belief exemption,Removing exemptions or adding requirements,Jerry Brown,D,M,39536653,D
66,2015,CT,HB6949,H,Kelly Juleson-Scopino,D,Requires that a statement asserting religious beliefs as grounds for immunization exemption be acknowledged by a judicial or governmental official. ,Passed ,Yes,Pro,"Notary, judicial or official acknowledgement required for religious exemption",Removing exemptions or adding requirements,Dannel Malloy,D,M,3575184,D
67,2015,DE,HB91,H,Sean Matthews,D,"Medical exemptions from mandatory vaccinations to be reviewed and approved by Division of Public Health, requires parents or guardians seeking a religious exemption to acknowledge that their child or children may be excluded from school in the event of an outbreak and that they received information about the medical benefits of vaccinations, and requires the Division of Public Health to declare an outbreak. ",Passed ,Yes,Pro,Parents acknowledge risk on exemption form. DPH can deny medical exemption. ,Removing exemptions or adding requirements,Jack Markell,D,M,961939,D
68,2015,IL,SB1410,S,John G. Mulroe,D,"Requires State Board of Education to publish exemption rates from schools and the Department of Health to prepare a uniform objection form for parents and guardians to use when seeking vaccination exemptions in schools, requires that the form be notarized in addition to signed, and that a healthcare provider provide a signed statement documenting any medical exemptions. ",Passed ,Yes,Pro,Education by medical provider before religious exemption,Removing exemptions or adding requirements,Bruce Rauner,R,M,12802023,D
69,2015,IL,SB1776,S,Christine Radogno,R,Modifies language for religious exemptions--instead of objecting on religious grounds parents or guardians object because immunization or other required medical exams conflict with the tenants and practices of their religion. ,Did not pass ,No,Pro,Change exemption from religious grounds to tenets or beliefs of their religion,"Data collection, reporting, or clarification",Bruce Rauner,R,M,12802023,D
70,2015,MD,HB687,H,Ben Barnes,D,Eliminates the religious exemption. ,Did not pass ,No,Pro,Eliminates religious exemption,Removing exemptions or adding requirements,Larry Hogan,R,M,6052177,D
71,2015,ME,LD471,H,Linda Sanborn,D,Requires parents or guardians seeking a philosophical exemption to provide a statement signed by a healthcare provider documenting that the provider shared information about the benefits and risks of vaccination consistent with CDC guidance. ,Vetoed ,No,Pro,Education by medical provider before philosophical exemption,Removing exemptions or adding requirements,Paul LePage,R,M,1332907,S
72,2015,ME,LD606,H,Ralph Tucker,D,Eliminates philosophical belief exemption. ,Did not pass ,No,Pro,Eliminates philosophical exemption,Removing exemptions or adding requirements,Paul LePage,R,M,1332907,S
73,2015,MN,HF393,H,Mike Freiberg,D,"Requires that a parent or guardian seeking an exemption for mandatory vaccinations complete a standardized form to be developed by the commissioner of health. The form must include the reasons for declining one or more required vaccinations, statement from a physician verifying the physician reviewed the benefits and risks of vaccination consistent with CDC guidance, and an acknowledgement that the child may be prohibited from attending school in the event of an outbreak. ",Did not pass ,No,Pro,Education by medical provider before philosophical exemption,Removing exemptions or adding requirements,Mark Dayton,D,M,5576606,S
74,2015,MN,SF380,S,Chris A. Eaton,D,"Requires that a parent or guardian seeking an exemption for mandatory vaccinations complete a standardized form to be developed by the commissioner of health. The form must include the reasons for declining one or more required vaccinations, statement from a physician verifying the physician reviewed the benefits and risks of vaccination consistent with CDC guidance, and an acknowledgement that the child may be prohibited from attending school in the event of an outbreak. ",Did not pass ,No,Pro,Education by medical provider before philosophical exemption,Removing exemptions or adding requirements,Mark Dayton,D,M,5576606,S
75,2015,MO,HB846,H,Jeremy LaFaver,D,Requires parental notification if a non-immunized child is in attendance at a child's school. ,Did not pass ,No,Pro,Parental notification if nonimmunized kid in school ,Parental notifications of vaccination status,Jay Nixon,D,M,6113532,R
76,2015,MO,HB976,H,Diane Franklin,R,Parents can request notification from school when there are any children attending who are not immunized. ,Did not pass ,No,Pro,Parents can opt to be notified if nonimmunized kid in school,Parental notifications of vaccination status,Jay Nixon,D,M,6113532,R
77,2015,MS,HB130,H,Mark Formby,R,Allows an exemption from school vaccination requirements based on personal or conscientious beliefs. ,Did not pass ,No,Anti,Adds personal belief exemption,Adding exemptions or removing requirements,Phil Bryant,R,M,2984100,R
78,2015,MS,SB2800,S,Chris McDaniel,R,Allows an exemption from school vaccination requirements based on personal or conscientious beliefs. ,Did not pass ,No,Anti,Adds personal belief exemption,Adding exemptions or removing requirements,Phil Bryant,R,M,2984100,R
79,2015,MT,HB158,H,Margaret MacDonald,D,Revise and modernize immunization laws related to schools,Pass,Yes,Pro,"Adds immunization for varicella, removes age limit on pertussis",Other,Steve Bullock,D,M,1050493,R
80,2015,NC,S346,S,Jeffery Tarte,R,"Requires the Commission for Public Health to adopt medical contraindications to immunization by rule. In general, medical exemptions are limited to those listed contraindications, but the Commissioner of Health may grant an exemption for a contraindication not on the list upon the request of a physician. ",Did not pass ,No,Pro,Eliminates religious exemption,Removing exemptions or adding requirements,Pat McCrory,R,M,10273419,R
81,2015,NJ,A1534,H,David Rible,R,Provides for a conscientious objection based on sincerely held or moral objections to immunization. ,Did not pass ,No,Anti,Adds personal belief exemption,Adding exemptions or removing requirements,Chris Christie,R,M,9005644,D
82,2015,NJ,A1931,H,Herbert Conaway,D,Clarifies requirements for obtaining exemptions,Did not pass,No,Pro,Clarifies requirements to obtain exemption and requires further documentation,"Data collection, reporting, or clarification",Chris Christie,R,M,9005644,D
83,2015,NJ,A351,H,Ralph Caputo,D,Allows exemption from mandatory immunization for any reason. ,Did not pass ,No,Anti,Allows exemption for any reason,Adding exemptions or removing requirements,Chris Christie,R,M,9005644,D
84,2015,NJ,A497,H,Holly Schepisi ,R,Exempts a child under 6 from the hepatitis B vaccine if the mother tested negative for hepatitis B in pregnancy. ,Did not pass ,No,Anti,Removes Hep B requirement under age 6 if mother negative during pregnancy. After age 6 physician exemption Cites ASD in bill. ,Adding exemptions or removing requirements,Chris Christie,R,M,9005644,D
85,2015,NJ,A536,H,John DiMaio,R,"Provides for a philosophical exemption to mandatory immunizations by written, notarized statement. ",Did not pass ,No,Anti,Adds philosophical exemption,Adding exemptions or removing requirements,Chris Christie,R,M,9005644,D
86,2015,NJ,A568,H,John DiMaio,R,Provides for a medical exemption from an influenza vaccine based on an allergy to any vaccine ingredient. ,Did not pass ,No,Anti,Allows for medical exemption for flu vaccine if allergic to any ingredient,Adding exemptions or removing requirements,Chris Christie,R,M,9005644,D
87,2015,NJ,S1147,S,Loretta Weinberg,D,Requires notarized statement that parents understand risks associated with not vaccinating. ,Did not pass ,No,Pro,Parents must sign form acknowleding risks and benefits before religious exemption,Removing exemptions or adding requirements,Chris Christie,R,M,9005644,D
88,2015,NJ,S1640,S,Shirley Turner,D,"Provides for a philosophical exemption to mandatory immunizations by written, notarized statement. ",Did not pass ,No,Anti,Adds philosophical exemption,Adding exemptions or removing requirements,Chris Christie,R,M,9005644,D
89,2015,NJ,S1914,S,Gerald Cardinale,R,Provides for a conscientious objection based on sincerely held or moral objections to immunization. ,Did not pass ,No,Anti,Adds personal belief exemption,Adding exemptions or removing requirements,Chris Christie,R,M,9005644,D
90,2015,NM,HB522,H,Deborah Armstrong,D,Removes the religious exemption for school vaccinations. ,Did not pass ,No,Pro,Limits religious exemption for vaccine,Removing exemptions or adding requirements,Susana Martinez,R,F,2088070,S
91,2015,NY,AB7016,H,Aravella Simotas,D,Requires parents or guardians seeking a religious exemption to file an affidavit with the school signed by a physician who provided counseling about the risks of refusing to vaccinate. ,Did not pass ,No,Pro,Education by medical provider before religious exemption,Removing exemptions or adding requirements,Andrew Cuomo,D,M,19849399,S
92,2015,NY,AB943,H,Thomas Abinanti,D,Creates a philosophical exemption to mandatory immunizations. ,Did not pass ,No,Anti,Adds personal belief exemption,Adding exemptions or removing requirements,Andrew Cuomo,D,M,19849399,S
93,2015,NY,SB1536,S,Martin Dilan,D,Creates a philosophical exemption to mandatory immunizations. ,Did not pass ,No,Anti,Adds personal belief exemption,Adding exemptions or removing requirements,Andrew Cuomo,D,M,19849399,S
94,2015,NY,SB4733,S,Michael Gianaris,D,Requires parents or guardians seeking a religious exemption to file an affidavit with the school signed by a physician who provided counseling about the risks of refusing to vaccinate. ,Did not pass ,No,Pro,Education by medical provider before religious exemption,Removing exemptions or adding requirements,Andrew Cuomo,D,M,19849399,S
95,2015,OR,SB442,S,Elizabeth Steiner Hayward,D,Makes retroactive the requirement for parents or guardians who decline immunization to provide a document verifying that a healthcare provider reviewed the risks and benefits of vaccination or completion of a vaccine educational module. ,Did not pass ,No,Pro,Education by medical provider before non-medical exemption. Retroactively applied. ,Removing exemptions or adding requirements,Kate Brown,D,F,4142776,D
96,2015,TX,HB1593,H,Cesar Blanco,D,Requires schools to inform parents of the number of unimmunized students enrolled at the school. ,Did not pass ,No,Pro,Parental notification if nonimmunized kid in school ,Parental notifications of vaccination status,Greg Abbott,R,M,28304596,R
97,2015,TX,HB1674,H,Donna Howard,D,Requires physician counseling for non-medical exemption to school immunizations. ,Did not pass ,No,Pro,Education by medical provider before non-medical exemption. ,Removing exemptions or adding requirements,Greg Abbott,R,M,28304596,R
98,2015,TX,HB2474,H,J.D. Sheffield,R,State health department to make annual report of immunization compliance status of each school publicly available. ,Did not pass ,No,Pro,Vaccine rates in schools publically available,Parental notifications of vaccination status,Greg Abbott,R,M,28304596,R
99,2015,VT,H212,H,Leigh Dakin ,D,Eliminates religious exemption from mandatory vaccination. ,Did not pass ,No,Pro,Eliminates religious and philosophical exemptions,Removing exemptions or adding requirements,Peter Shumlin,D,M,623657,D
100,2015,VT,H266,H,George Till,D,Requires school employees to qualify for medical exemption or provide proof of immunization. ,Did not pass ,No,Pro,Requires evidence of vaccination. No actual bill language. ,Removing exemptions or adding requirements,Peter Shumlin,D,M,623657,D
101,2015,VT,H98,H,George Till,D,Eliminates the philosophical exemption. ,Passed ,Yes,Pro,Eliminates philosophical exemption,Removing exemptions or adding requirements,Peter Shumlin,D,M,623657,D
102,2015,WA,HB2009,H,June Robinson,D,Eliminates the philosophical exemption. ,Did not pass ,No,Pro,Eliminates philosophical exemption,Removing exemptions or adding requirements,Jay Inslee,D,M,7405743,S
103,2015,WV,HB2556,H,Daryl Cowles,R,Adds a religious exemption to school vaccine requirements. ,Did not pass ,No,Anti,Adds religious exemption,Adding exemptions or removing requirements,Earl Ray Tomblin,D,M,1815857,R
104,2015,WV,SB2862,S,Ryan Ferns,R,Adds a religious exemption to school vaccine requirements. ,Did not pass ,No,Anti,Adds religious exemption,Adding exemptions or removing requirements,Earl Ray Tomblin,D,M,1815857,R
105,2015,WV,SB2863,S,Ryan Ferns,R,Authorizes Commissioner of the Bureau for Public Health to grant or deny request for medical exemptions. ,Passed ,Yes,Pro,"Allows immunization officer to make determinations regarding exemptions. NOTE: same bill as 286 that added religious exemption, just amended so that it ended up being pro rather than anti!",Shifting governing authority for exemptions,Earl Ray Tomblin,D,M,1815857,R
106,2016,CO,HB1164,H,Dan Pabon,D,Requires parents or caregivers to submit documentation seeking an exemption from mandatory immunization requirements to the Colorado Department of Public Health and Environment rather than the school. Additionally requires that the health department post immunization rates for each school online. ,Did not pass ,No,Pro,Data collection and availability,"Data collection, reporting, or clarification",John Hickenlooper,D,M,5607154,S
107,2016,HI,HB1722,H,John M. Mizuno,D,Eliminates religious belief exemption for mandatory immunizations for students enrolled in public schools ,Did not pass ,No,Pro,Eliminates reglisious exemption,Removing exemptions or adding requirements,David Ige,D,M,1437538,D
108,2016,MI,HB5361,H,Marcia Hovey-Wright,D,Requires non-medical immunization exemptions to be obtained in-person from a local health department ,Did not pass ,No,Pro,Adds education and form for exemption,Removing exemptions or adding requirements,Rick Snyder,R,M,9962311,R
109,2016,MI,HB5364,H,Winnie Brinks,D,"Requires parents or caretakers to provide statements of exemptions from mandatory immunization in grades two, five, and seven ",Did not pass ,No,Pro,Reporting,"Data collection, reporting, or clarification",Rick Snyder,R,M,9962311,R
110,2016,MS,HB938,H,Mark Formby,R,Requires parents or guardians seeking a medical exemption from mandatory immunizations to provide a letter from a physician to the school ,Did not pass ,No,Anti,Removes health dept discretion for exemption,Shifting governing authority for exemptions,Phil Bryant,R,M,2984100,R
111,2016,MS,HB939,H,Mark Formby,R,Creates an exception for religious or philosophical beliefs for mandatory immunizations ,Did not pass ,No,Anti,Adds philosophical and religious exemptions,Adding exemptions or removing requirements,Phil Bryant,R,M,2984100,R
112,2016,MS,HB979,H,Ashley Henley,R,Creates exemptions for vaccinations for medical reasons or conscientious beliefs ,Did not pass ,No,Anti,Adds conscientious belief exemption. Removes health dept discretion,Adding exemptions or removing requirements,Phil Bryant,R,M,2984100,R
113,2016,MS,SB2722,S,Joey Fillingane,R,Requires parents or guardians seeking a medical exemption from mandatory immunizations to provide a letter from a physician to the school. Outlines specific requirements for the letter. ,Did not pass,No,Anti,Removes health dept discretion for exemption,Shifting governing authority for exemptions,Phil Bryant,R,M,2984100,R
114,2016,NJ,A169,H,Ralph Caputo,D,Provides exemption from mandatory immunizations for students for any reasons ,Did not pass ,No,Anti,Allows exemption for any reason. Cites ASD in bill synopsis,Adding exemptions or removing requirements,Chris Christie,R,M,9005644,D
115,2016,NJ,A2727,H,David Rible,R,Provides a conscientious objection to mandatory immunization ,Did not pass ,No,Anti,Adds personal belief exemption,Adding exemptions or removing requirements,Chris Christie,R,M,9005644,D
116,2016,NJ,A520,H,Holly Schepisi,R,Exempts children under the age of six from receiving the hepatitis B vaccine if the mother tested negative during pregnancy ,Did not pass ,No,Anti,Removes Hep B requirement under age 6 if mother negative during pregnancy. After age 6 physician exemption Cites ASD in bill. Was also introduced in 2015. ,Adding exemptions or removing requirements,Chris Christie,R,M,9005644,D
117,2016,NJ,A718,H,John DiMaio,R,Provides medical exemption from influenza vaccination based on an allergy to any vaccine ingredient ,Did not pass ,No,Anti,Medical exemption for flu vaccine for child care/preschool,Adding exemptions or removing requirements,Chris Christie,R,M,9005644,D
118,2016,NJ,S1864,S,Shirley Turner,D,Provides a philosophical exemption to mandatory immunization ,Did not pass ,No,Anti,Adds philosophical exemption,Adding exemptions or removing requirements,Chris Christie,R,M,9005644,D
119,2016,NJ,S801,S,Loretta Weinberg,D,Outlines requirements to obtain a medical or religious exemption from mandatory immunization from students ,Did not pass ,No,Pro,Adds requirements to obtain exemptions,Removing exemptions or adding requirements,Chris Christie,R,M,9005644,D
120,2016,NY,AB7016,H,Aravella Simotas,D,Requires parents or guardians seeking a philosophical exemption to provide a statement signed by a healthcare provider documenting that the provider shared information about the benefits and risks of vaccination consistent with CDC guidance ,Did not pass ,No,Pro,Adds physician certification of education to religious exemption,Removing exemptions or adding requirements,Andrew Cuomo,D,M,19849399,S
121,2016,NY,AB8329,H,Jeffrey Dinowitz,D,Repeals religious exemption from mandatory immunization ,Did not pass ,No,Pro,Removes religious exemption,Removing exemptions or adding requirements,Andrew Cuomo,D,M,19849399,S
122,2016,NY,SB1536,S,Martin Dilan,D,Creates philosophical exemption to mandatory immunization ,Did not pass ,No,Anti,Adds personal belief exemption,Adding exemptions or removing requirements,Andrew Cuomo,D,M,19849399,S
123,2016,NY,SB378,S,Gustavo Rivera,D,"Clarifies that the medical determination that a vaccination is contradicted for health reasons by a physician, nurse practitioner, or physician assistants will prevail ",Did not pass ,No,Anti,Physician certification for medical exemption is paramount,Removing exemptions or adding requirements,Andrew Cuomo,D,M,19849399,S
124,2016,NY,SB4733,S,Michael Gianaris,D,Requires parents or guardians seeking a philosophical exemption to provide a statement signed by a healthcare provider documenting that the provider shared information about the benefits and risks of vaccination consistent with CDC guidance ,Did not pass ,No,Pro,Adds physician certification of education to religious exemption,Removing exemptions or adding requirements,Andrew Cuomo,D,M,19849399,S
125,2016,NY,SB6017,S,Brad Hoylman,D,Repeals religious exemption from mandatory immunization ,Did not pass ,No,Pro,Removes religious exemption,Removing exemptions or adding requirements,Andrew Cuomo,D,M,19849399,S
126,2016,NY,SB7729,S,Philip Boyle,R,Tasks health department and department of education with developing a protocol containing specific criteria to qualify for a religious exemption from mandatory immunization ,Did not pass ,No,Pro,Authority to establish protocols to receive religious exemption,Removing exemptions or adding requirements,Andrew Cuomo,D,M,19849399,S
127,2016,OH,HB564,H,Daniel Ramos,D,Eliminates exemption from immunization for Ã’reasons of conscienceÃ“ ,Did not pass ,No,Pro,Removes personal belief exemption,Removing exemptions or adding requirements,John Kasich,R,M,11658609,R
128,2016,RI,H7475,H,Justin Price,R,Allows parents to opt-out of required vaccinations for non-casual contact diseases transmitted by sexual contact between individuals ,Did not pass ,No,Anti,Can exempt from vaccines for sexually transmitted infections ,Adding exemptions or removing requirements,Gina Raimondo,D,F,1057566,D
129,2016,RI,H7899,H,Sherry Roberts,R,Allows parents to opt-out of required vaccinations for non-casual contact diseases transmitted by sexual contact between individuals ,Did not pass ,No,Anti,Can exempt from vaccines for sexually transmitted infections ,Adding exemptions or removing requirements,Gina Raimondo,D,F,1057566,D
130,2016,RI,S2292,S,Leonidas Raptakis,D,"Reinstates philosophical exemption to immunization, prohibits requirement for HPV vaccination, and requires a hearing before additional immunizations are added to the mandatory schedule ",Did not pass ,No,Anti,Adds personal belief exemption. Cannot require HPV vaccination. Changes to requirements require public hearing,Adding exemptions or removing requirements,Gina Raimondo,D,F,1057566,D
131,2016,UT,HB221,H,Carol Moss,D,"Adds additional requirements that parents must complete in order to obtain an immunization exemption (e.g., must complete an approved form and online education module) ",Did not pass ,No,Pro,Adds education requirements before exemption permitted,Removing exemptions or adding requirements,Gary Herbert,R,M,3101833,R
132,2016,VA,HB1342,H,Eileen Filler-Corn,D,Eliminates religious belief exemption and requires that vaccination be medically contraindicated in order to obtain a medical exemption from mandatory immunization ,Did not pass ,No,Pro,Removes religious exemption,Removing exemptions or adding requirements,Terry McAuliffe,D,M,8470020,R
133,2016,WI,AB924,H,Gordon Hintz ,D,Eliminates personal conviction exemption from immunization ,Did not pass ,No,Pro,Removes personal belief exemption,Removing exemptions or adding requirements,Scott Walker,R,M,5795483,R
134,2016,WV,HB2556,H,Daryl Cowles,R,Creates religious exemption from mandatory immunization for school children ,Did not pass ,No,Anti,Adds religious exemption,Adding exemptions or removing requirements,Earl Ray Tomblin,D,M,1815857,R
135,2017,AR,HB1043,H,Karilyn Brown,R,TO MODIFY THE IMMUNIZATION AND VACCINE REQUIREMENTS FOR STUDENTS IN ELEMENTARY AND SECONDARY EDUCATION; AND TO REMOVE IMMUNIZATION EXEMPTIONS FOR RELIGIOUS AND PHILOSOPHICAL BELIEFS.,WITHDRAWN BY AUTHOR - 01/11/2017,No,Pro,Remove religious/philosophical,Removing exemptions or adding requirements,Asa Hutchinson,R,M,3004279,R
136,2017,AZ,HB2510,H,Jill Norgaard,R,schools; immunization records; retention,COMMITTEES: ED 0-0-0-0 HELD - 03/23/2017,No,Anti,Record keeping,"Data collection, reporting, or clarification",Doug Ducey,R,M,7016270,R
137,2017,CO,SB250,S,Tim Neville,R,Student Exemption From Immunization Requirements,Senate Second Reading Lost with Amendments - Floor - 04/19/2017,No,Anti,Clarificatio re: specific form,"Data collection, reporting, or clarification",John Hickenlooper,D,M,5607154,S
138,2017,CT,HB6971,H,Liz Linehan,D,AN ACT CONCERNING VACCINATION EDUCATION FOR PARENTS AND GUARDIANS OF CHILDREN SEEKING AN EXEMPTION FROM IMMUNIZATION REQUIREMENTS FOR RELIGIOUS REASONS.,Referred to Joint Committee on Public Health - 01/26/2017,No,Pro,Requires education by exemption,Removing exemptions or adding requirements,Dannel Malloy,D,M,3575184,S
139,2017,CT,HB7059,H,Josh Elliott,D,AN ACT CONCERNING IMMUNIZATION EDUCATION.,Public Hearing 02/21 - 02/17/2017,No,Pro,Requires education by exemption,Removing exemptions or adding requirements,Dannel Malloy,D,M,3575184,S
140,2017,CT,SB909,S,"Education Committee (D 19, R 17, Chairs and Vice Chairs from both parties)",D,AN ACT IMPLEMENTING THE RECOMMENDATIONS OF THE OFFICE OF EARLY CHILDHOOD.,Public Hearing 03/01 - 02/24/2017,No,Anti,90 day exemption for homeless kids,Adding exemptions or removing requirements,Dannel Malloy,D,M,3575184,S
141,2017,IA,HF261,H,Mary Mascher,D,A bill for an act relating to the elimination of the exemption from immunization of a person related to conflicts with the tenets and practices of a recognized religious denomination.,"Subcommittee: Forristall, Best and Mascher. H.J. 263. - 02/09/2017",No,Pro,Eliminiates religious exemption,Removing exemptions or adding requirements,Kim Reynolds,R,F,3145711,R
142,2017,IA,HF7,H,Ken Rizer,R,A bill for an act relating to an exemption from required vaccinations based upon personal conviction.,"Subcommittee: Holt, Salmon and Wessel-Kroeschell. H.J. 115. - 01/24/2017",No,Anti,Expands to include personal convication,Adding exemptions or removing requirements,Kim Reynolds,R,F,3145711,R
143,2017,IA,SF116,S,Herman Quirmbach,D,A bill for an act relating to the obtaining of a religious exemption from the required immunization of a person enrolling in any elementary or secondary school or a licensed child care center.,"Subcommittee: Chelgren, Chapman, and Quirmbach. S.J. 145. - 01/26/2017",No,Pro,Requires letter from church for religious exemption + member in good standing,Removing exemptions or adding requirements,Kim Reynolds,R,F,3145711,R
144,2017,LA,SB133,S,Jean-Paul Morrell,D,EDUCATION DEPARTMENT: Provides relative to immunizations required prior to enrolling in school. (gov sig),Title of substitute read and adopted; becomes Senate Bill No. 255. - 05/08/2017,No,Pro,Requires school to send notice to parent if 100% vaccination,Parental notifications of vaccination status,John Bel Edwards,D,M,4694333,R
145,2017,MN,HF96,H,Mike Freiberg,D,Immunization exemption procedures modified.,Author added Flanagan. pg. 5689 - 05/10/2017,No,Pro,Adds to requires for religious exemption,Removing exemptions or adding requirements,Mark Dayton,D,M,5576606,R
146,2017,MN,SF143,S,Chris A. Eaton,D,Vaccination and immunization exemption procedures modification,Referred to Health and Human Services Finance and Policy - 01/17/2017,No,Pro,Adds to requires for religious exemption,Removing exemptions or adding requirements,Mark Dayton,D,M,5576606,R
147,2017,MS,HB1457,H,Mark Formby,R,Vaccinations; allow exemption from requirement for school attendance based on religious or philosophical beliefs.,(H) Died In Committee - 01/31/2017,No,Anti,Add religious exemption,Adding exemptions or removing requirements,Phil Bryant,R,M,2984100,R
148,2017,MS,SB2636,S,Angela Hill,R,Vaccination required for school attendance; authorize exemption upon objection of parent on parental or philosophical grounds.,(S) Died In Committee - 01/31/2017,No,Anti,Add religious exemption,Adding exemptions or removing requirements,Phil Bryant,R,M,2984100,R
149,2017,NV,AB200,H,Melissa Woodbury,R,Requires notice of exemptions from certain immunization requirements to be provided to parents or guardians of children under certain circumstances. (BDR 38-726),"(Pursuant to Joint Standing Rule No. 14.3.1, no further action allowed.) - 04/15/2017",No,Pro,Parents can ask about vaccination rates,Parental notifications of vaccination status,Brian Sandoval,R,M,2998039,D
150,2017,NY,AB1810,H,Jeffrey Dinowitz,D,Repeals subdivision 9 of section 2164 of the public health law relating to exemption from vaccination due to religious beliefs,REFERRED TO HEALTH - 01/12/2017,No,Pro,Remove religious exemption,Removing exemptions or adding requirements,Andrew Cuomo,D,M,19849399,D
151,2017,NY,AB3485,H,Sean Ryan,D,Relates to personal income tax exemptions for dependents receiving recommended vaccinations,REFERRED TO WAYS AND MEANS - 01/26/2017,No,Pro,DPA for kids if not vaccinated,Removing exemptions or adding requirements,Andrew Cuomo,D,M,19849399,D
152,2017,NY,AB3912,H,Fred Thiele,D,Relates to reports regarding students who are exempted from receiving certain immunizations,REFERRED TO EDUCATION - 01/29/2017,No,Pro,Reporting,"Data collection, reporting, or clarification",Andrew Cuomo,D,M,19849399,D
153,2017,NY,AB4894,H,Aravella Simotas,D,"Provides that persons in parental relation to a child refusing to immunize such child for religious reasons, shall file with the school an affidavit that the risks of such failure to immunize",REFERRED TO HEALTH - 02/05/2017,No,Pro,MD affadavit for religious exemption,Removing exemptions or adding requirements,Andrew Cuomo,D,M,19849399,D
154,2017,NY,AB8123,H,Richard Gottfried,D,Relates to the admission of unvaccinated students where parents submit a form stating that such vaccinations are contrary to their religious beliefs,PRINT NUMBER 8123A - 05/31/2017,No,Anti,No additional forms for relgious,Adding exemptions or removing requirements,Andrew Cuomo,D,M,19849399,D
155,2017,NY,SB2955,S,Thomas Croci,R,Relates to reports regarding students who are exempted from receiving certain immunizations,REFERRED TO EDUCATION - 01/17/2017,No,Pro,Reporting,"Data collection, reporting, or clarification",Andrew Cuomo,D,M,19849399,D
156,2017,NY,SB3546,S,Michael Gianaris,D,"Provides that persons in parental relation to a child refusing to immunize such child for religious reasons, shall file with the school an affidavit that the risks of such failure to immunize",REFERRED TO HEALTH - 01/23/2017,No,Pro,MD affadavit for religious exemption,Removing exemptions or adding requirements,Andrew Cuomo,D,M,19849399,D
157,2017,NY,SB601,S,Phil Boyle,R,Relates to establishing a specific protocol regarding religious exemptions to immunizations in schools,REFERRED TO HEALTH - 01/03/2017,No,Pro,Establish criteria/protocol for religious exemptions,Removing exemptions or adding requirements,Andrew Cuomo,D,M,19849399,D
158,2017,OK,SB725,S,A.J. Griffin,R,Vaccinations; requiring school districts to report vaccine exemption information to Department of Health. Effective date. Emergency.,Emergency restored - 04/11/2017,No,Pro,Reporting,"Data collection, reporting, or clarification",Mary Fallin,R,F,3930864,R
159,2017,OK,SB831,S,Joseph Silk,R,Vaccine policy; clarifying authority of the State Board of Health and State Department of Health. Effective date. Emergency.,Second Reading referred to Health and Human Services - 02/07/2017,No,Anti,Limiting DPA authority,Adding exemptions or removing requirements,Mary Fallin,R,F,3930864,R
160,2017,PA,SB217,S,Daylin Leach,D,"Act amending the act of March 10, 1949 (P.L.30, No.14), known as the Public School Code of 1949, in pupils and attendance, further providing for immunization required and penalty.",Referred to EDUCATION - 01/26/2017,No,Pro,No personal conviction exemption,Removing exemptions or adding requirements,Tom Wolf,D,M,12805537,R
161,2017,RI,H5681,H,Justin Price,R,AN ACT RELATING TO EDUCATION - OFFENSES PERTAINING TO SCHOOLS (Provides an exception to required school immunizations for pupils whose personal beliefs are contrary to immunization and/or testing.),Committee recommended measure be held for further study - 03/22/2017,No,Anti,Add personal beliefs,Adding exemptions or removing requirements,Gina Raimondo,D,F,1057566,D
162,2017,RI,H5919,H,Sherry Roberts,R,AN ACT RELATING TO HEALTH AND SAFETY - DEPARTMENT OF HEALTH (Allows parents or guardians of a child to opt out of vaccines for non-casual contact diseases transmitted by sexual contact.),Committee recommended measure be held for further study - 04/05/2017,No,Anti,HPV exemption from mandate,Adding exemptions or removing requirements,Gina Raimondo,D,F,1057566,D
163,2017,RI,H5986,H,Justin Price,R,"AN ACT RELATING TO EDUCATION - OFFENSES PERTAINING TO SCHOOLS (Provides an exception to required school immunizations for pupils whose personal, philosophical, or religious beliefs are contrary to immunization and/or testing.)",Committee recommended measure be held for further study - 04/05/2017,No,Anti,Adds personal belief,Adding exemptions or removing requirements,Gina Raimondo,D,F,1057566,D
164,2017,RI,S47,S,Leonidas Raptakis,D,"AN ACT RELATING TO EDUCATION - OFFENSES PERTAINING TO SCHOOLS (Makes several changes to department of health's authority to mandate certain vaccinations, reinstates philosophical exemption to vaccinations, and requires public hearings when changes to required vaccinations are proposed.)","Introduced, referred to Senate Health and Human Services - 01/18/2017",No,Anti,"Adds personal, removes HPV, restricts authority",Adding exemptions or removing requirements,Gina Raimondo,D,F,1057566,D
165,2017,TX,HB1124,H,Matt Krause,R,Relating to claiming an exemption from required immunizations for public school students.,Left pending in committee - 04/25/2017,No,Anti,Forms,"Data collection, reporting, or clarification",Greg Abbott,R,M,28304596,R
166,2017,TX,HB2249,H,J.D. Sheffield,R,Relating to requirements for and the transparency of epidemiological reports and immunization exemption information and reports.,Placed on General State Calendar - 05/08/2017,No,Pro,Annual reporting notice to parents,Parental notifications of vaccination status,Greg Abbott,R,M,28304596,R
167,2017,TX,HB2874,H,Matt Schaefer,R,Relating to providing information regarding immunization requirements for admission to public elementary and secondary schools.,Referred to Public Education - 03/29/2017,No,Anti,Info on website,"Data collection, reporting, or clarification",Greg Abbott,R,M,28304596,R
168,2017,TX,SB1010,S,Kel Seliger,R,Relating to requirements for and the transparency of epidemiological reports and immunization exemption information and reports.,Referred to Health & Human Services - 03/06/2017,No,Pro,Annual reporting notice to parents,Parental notifications of vaccination status,Greg Abbott,R,M,28304596,R
169,2017,TX,SB2008,S,Van Taylor,R,Relating to claiming an exemption from required immunizations for public school students.,Referred to Health & Human Services - 03/27/2017,No,Anti,A form,"Data collection, reporting, or clarification",Greg Abbott,R,M,28304596,R
170,2017,UT,HB308,H,Norm Thurston,R,Public Health and Schools,Governor Signed - 03/24/2017,Yes,Pro,"Requires education by exemption, no money if no correct forms",Removing exemptions or adding requirements,Gary Herbert,R,M,3101833,R
171,2017,UT,HB309,H,Norm Thurston,R,Public Health in Schools,House/ filed - 03/09/2017,No,Pro,308 but without the education,Removing exemptions or adding requirements,Gary Herbert,R,M,3101833,R
172,2017,WA,HB2092,H,Matt Shea,R,"Regulating the content of the immunization exemption form by prohibiting the form from requiring detailed statements regarding objections to vaccination, prohibiting the form from requiring a declaration regarding potential risks, and requiring the form to indicate when a signator is exercising his ...","By resolution, reintroduced and retained in present status. - 06/21/2017",No,Anti,Restricts info on religious exemption,Adding exemptions or removing requirements,Jay Inslee,D,M,7405743,D
173,2017,WV,HB2945,H,Mike Folk,R,Relating to exemptions from mandated immunizations,H - To House Health and Human Resources - 03/13/2017,No,Anti,Adds personal and religious belief,Adding exemptions or removing requirements,Jim Justice,R,M,1815857,R
174,2017,WV,SB359,S,Patricia Rucker,R,Allowing exemptions from mandated immunizations,S - To Health and Human Resources - 02/21/2017,No,Anti,Adds personal and religious belief,Adding exemptions or removing requirements,Jim Justice,R,M,1815857,R
175,2017,WV,SB537,S,Patricia Rucker,R,Relating to exemptions from mandated immunizations,S - On 2nd reading to Health and Human Resources - 03/24/2017,No,Anti,Adds religious beliefs and NPs,Adding exemptions or removing requirements,Jim Justice,R,M,1815857,R